Workbook

Sheet 预算执行分析
A1: 市场部 2025 年预算执行分析
A2: 年度预算与实际支出概览 | 金额单位：人民币元 | 数据来源：月度明细（示例数据）
A4: 年度预算 | C4: 年度实际支出 | E4: 全年差异 | G4: 累计执行率
A5: ='月度明细'!B17 -> 6080000 | C5: ='月度明细'!C17 -> 6140000 | E5: ='月度明细'!D17 -> 60000 | G5: ='月度明细'!E17 -> 1.0098684
A8: 执行摘要
A9: 全年实际支出与预算的差异和执行率均由“月度明细”自动汇总。请重点关注差异为正、执行率高于 100% 的月份；差异为负表示在预算内节约。

Sheet 领导结论
A1: 市场部 2025 年预算执行领导结论
A2: 面向管理层的年度预算执行摘要 | 金额单位：人民币元 | 数据来源：月度明细
A4: 一、核心结论
A5: 本年度市场部实际支出与预算总体接近，但月度波动仍需关注。以下结论由月度明细自动计算，红色提示表示月度差异率绝对值超过 10%。
A8: 年度预算 | D8: 年度实际支出 | G8: 全年差异
A9: ='月度明细'!B17 -> 6080000 | D9: ='月度明细'!C17 -> 6140000 | G9: ='月度明细'!D17 -> 60000
A11: 累计执行率 | D11: 差异率超 10% 月份数 | G11: 最大超支月份
A12: ='月度明细'!E17 -> 1.0098684 | D12: =COUNTIF('月度明细'!H5:H16,">10%")+COUNTIF('月度明细'!H5:H16,"<-10%") -> 0 | G12: =INDEX('月度明细'!A5:A16,MATCH(MAX('月度明细'!D5:D16),'月度明细'!D5:D16,0)) -> 9月
A15: 二、管理建议
A16: 1. 重点复盘差异率绝对值超过 10% 的月份，区分活动投放、媒体采买和项目节奏等原因。\n2. 对超预算月份建立事前审批与月中预警机制，避免年度累计偏差扩大。\n3. 对节约月份核实是否存在活动延期、采购结算滞后或预算释放不足，避免将暂时性节约误判为效率提升。

Sheet 月度明细
A1: 市场部 2025 年预算执行月度明细
A2: 金额单位：人民币元 | 示例数据，用于演示预算执行分析
A4: 月份 | B4: 预算（元） | C4: 实际支出（元） | D4: 差异（元） | E4: 执行率 | F4: 差异方向 | G4: 状态 | H4: 差异率
A5: 1月 | B5: 420000 | C5: 398000 | D5: =C5-B5 -> -22000 | E5: =IFERROR(C5/B5,0) -> 0.94761905 | F5: =IF(D5>0,"超预算",IF(D5<0,"节约","持平")) -> 节约 | G5: =IF(ABS(E5-1)<=0.02,"接近预算",IF(E5>1,"需关注","执行良好")) -> 执行良好 | H5: =IFERROR(D5/B5,0) -> -0.052380952
A6: 2月 | B6: 380000 | C6: 402000 | D6: =C6-B6 -> 22000 | E6: =IFERROR(C6/B6,0) -> 1.0578947 | F6: =IF(D6>0,"超预算",IF(D6<0,"节约","持平")) -> 超预算 | G6: =IF(ABS(E6-1)<=0.02,"接近预算",IF(E6>1,"需关注","执行良好")) -> 需关注 | H6: =IFERROR(D6/B6,0) -> 0.057894737
A7: 3月 | B7: 410000 | C7: 409000 | D7: =C7-B7 -> -1000 | E7: =IFERROR(C7/B7,0) -> 0.99756098 | F7: =IF(D7>0,"超预算",IF(D7<0,"节约","持平")) -> 节约 | G7: =IF(ABS(E7-1)<=0.02,"接近预算",IF(E7>1,"需关注","执行良好")) -> 接近预算 | H7: =IFERROR(D7/B7,0) -> -0.0024390244
A8: 4月 | B8: 460000 | C8: 482000 | D8: =C8-B8 -> 22000 | E8: =IFERROR(C8/B8,0) -> 1.0478261 | F8: =IF(D8>0,"超预算",IF(D8<0,"节约","持平")) -> 超预算 | G8: =IF(ABS(E8-1)<=0.02,"接近预算",IF(E8>1,"需关注","执行良好")) -> 需关注 | H8: =IFERROR(D8/B8,0) -> 0.047826087
A9: 5月 | B9: 520000 | C9: 511000 | D9: =C9-B9 -> -9000 | E9: =IFERROR(C9/B9,0) -> 0.98269231 | F9: =IF(D9>0,"超预算",IF(D9<0,"节约","持平")) -> 节约 | G9: =IF(ABS(E9-1)<=0.02,"接近预算",IF(E9>1,"需关注","执行良好")) -> 接近预算 | H9: =IFERROR(D9/B9,0) -> -0.017307692
A10: 6月 | B10: 480000 | C10: 471000 | D10: =C10-B10 -> -9000 | E10: =IFERROR(C10/B10,0) -> 0.98125 | F10: =IF(D10>0,"超预算",IF(D10<0,"节约","持平")) -> 节约 | G10: =IF(ABS(E10-1)<=0.02,"接近预算",IF(E10>1,"需关注","执行良好")) -> 接近预算 | H10: =IFERROR(D10/B10,0) -> -0.01875
A11: 7月 | B11: 450000 | C11: 468000 | D11: =C11-B11 -> 18000 | E11: =IFERROR(C11/B11,0) -> 1.04 | F11: =IF(D11>0,"超预算",IF(D11<0,"节约","持平")) -> 超预算 | G11: =IF(ABS(E11-1)<=0.02,"接近预算",IF(E11>1,"需关注","执行良好")) -> 需关注 | H11: =IFERROR(D11/B11,0) -> 0.04
A12: 8月 | B12: 490000 | C12: 487000 | D12: =C12-B12 -> -3000 | E12: =IFERROR(C12/B12,0) -> 0.99387755 | F12: =IF(D12>0,"超预算",IF(D12<0,"节约","持平")) -> 节约 | G12: =IF(ABS(E12-1)<=0.02,"接近预算",IF(E12>1,"需关注","执行良好")) -> 接近预算 | H12: =IFERROR(D12/B12,0) -> -0.006122449
A13: 9月 | B13: 560000 | C13: 589000 | D13: =C13-B13 -> 29000 | E13: =IFERROR(C13/B13,0) -> 1.0517857 | F13: =IF(D13>0,"超预算",IF(D13<0,"节约","持平")) -> 超预算 | G13: =IF(ABS(E13-1)<=0.02,"接近预算",IF(E13>1,"需关注","执行良好")) -> 需关注 | H13: =IFERROR(D13/B13,0) -> 0.051785714
A14: 10月 | B14: 610000 | C14: 593000 | D14: =C14-B14 -> -17000 | E14: =IFERROR(C14/B14,0) -> 0.97213115 | F14: =IF(D14>0,"超预算",IF(D14<0,"节约","持平")) -> 节约 | G14: =IF(ABS(E14-1)<=0.02,"接近预算",IF(E14>1,"需关注","执行良好")) -> 执行良好 | H14: =IFERROR(D14/B14,0) -> -0.027868852
A15: 11月 | B15: 580000 | C15: 584000 | D15: =C15-B15 -> 4000 | E15: =IFERROR(C15/B15,0) -> 1.0068966 | F15: =IF(D15>0,"超预算",IF(D15<0,"节约","持平")) -> 超预算 | G15: =IF(ABS(E15-1)<=0.02,"接近预算",IF(E15>1,"需关注","执行良好")) -> 接近预算 | H15: =IFERROR(D15/B15,0) -> 0.0068965517
A16: 12月 | B16: 720000 | C16: 746000 | D16: =C16-B16 -> 26000 | E16: =IFERROR(C16/B16,0) -> 1.0361111 | F16: =IF(D16>0,"超预算",IF(D16<0,"节约","持平")) -> 超预算 | G16: =IF(ABS(E16-1)<=0.02,"接近预算",IF(E16>1,"需关注","执行良好")) -> 需关注 | H16: =IFERROR(D16/B16,0) -> 0.036111111
A17: 全年合计 | B17: =SUM(B5:B16) -> 6080000 | C17: =SUM(C5:C16) -> 6140000 | D17: =C17-B17 -> 60000 | E17: =IFERROR(C17/B17,0) -> 1.0098684 | F17: =IF(D17>0,"超预算",IF(D17<0,"节约","持平")) -> 超预算 | G17: =IF(ABS(E17-1)<=0.02,"接近预算",IF(E17>1,"需关注","执行良好")) -> 接近预算 | H17: =IFERROR(D17/B17,0) -> 0.0098684211

Sheet 口径说明
A1: 口径说明
A2: 市场部 2025 年预算执行分析的使用范围、指标定义与数据说明
A4: 项目 | B4: 说明
A5: 数据属性 | B5: 本工作簿使用示例数据，仅用于展示市场部预算执行分析的结构与计算逻辑，不代表实际财务数据。
A6: 金额单位 | B6: 人民币元。所有预算、实际支出和差异均按元展示，表内采用千分位格式。
A7: 预算 | B7: 各月经批准或下达的市场费用额度。
A8: 实际支出 | B8: 各月已发生并纳入分析范围的市场费用。
A9: 差异 | B9: 差异 = 实际支出 - 预算。正值表示超预算，负值表示节约，零表示持平。
A10: 执行率 | B10: 执行率 = 实际支出 / 预算。预算为 0 时，公式返回 0，避免除零错误。
A11: 状态规则 | B11: 执行率在 98%–102% 之间为“接近预算”；高于 100% 为“需关注”；其余为“执行良好”。
A12: 颜色提示 | B12: 月度明细中：红色背景提示超预算、执行率高于 100%，或差异率绝对值超过 10%；绿色背景提示节约。颜色仅为辅助，具体结论应以数值和状态字段为准。
A13: 图表说明 | B13: 主分析页折线图按 1–12 月完整展示预算与实际支出。两条线共用同一金额轴，便于比较月度偏离情况。
